model,accuracy,precision,recall,f1_score,roc_auc
Logistic Regression,0.7402413058907026,0.5069444444444444,0.7807486631016043,0.6147368421052631,0.8465783151205145
Random Forest,0.7821149751596878,0.6127946127946128,0.48663101604278075,0.5424739195230999,0.8198933064661965
