threshold,precision,recall,f1_score
0.3,0.4348370927318296,0.9278074866310161,0.5921501706484642
0.4,0.47186147186147187,0.8743315508021391,0.612933458294283
0.5,0.5069444444444444,0.7807486631016043,0.6147368421052631
0.6,0.5675105485232067,0.7192513368983957,0.6344339622641509
0.7,0.6257142857142857,0.5855614973262032,0.6049723756906077
